<lsf>
    <initials>
        <reference length="2" />
        <!-- axis length; "0" means no axis displayed -->
        <root id="root" />
        <!-- identifier of root node of the scene graph; this node -->
        <!-- must be defined in one of the following NODE declarations -->
    </initials>
    <views default="defaultCam">
        <!-- at least one of the following type of cameras must be declared -->
        <perspective id="defaultCam" near="0.1" far="500" angle="45">
            <from x="50" y="20" z="60" />
            <to x="0" y="-2" z="0" />
        </perspective>
        <perspective id="cam2" near="0.1" far="500" angle="45">
            <from x="-50" y="20" z="-60" />
            <to x="0" y="-1" z="0" />
        </perspective>
        <perspective id="cam3" near="0.1" far="500" angle="45">
            <from x="0" y="40" z="-40" />
            <to x="0" y="0" z="0" />
        </perspective>
        <perspective id="cam4" near="0.1" far="500" angle="45">
            <from x="0" y="20" z="70" />
            <to x="0" y="0" z="0" />
        </perspective>
        <ortho id="orthoCam" near="0.1" far="500" left="-50" right="50" top="50" bottom="-50">
            <from x="50" y="20" z="60" />
            <to x="5" y="0" z="0" />
            <up x="0" y="1" z="0" /><!-- optional, default 0,1,0 -->
        </ortho>
        <perspective id="faceCam" near="0.1" far="500" angle="45">
            <from x="0" y="4.4" z="13.4" />
            <to x="0" y="4.4" z="0" />
        </perspective>
    </views>

    <illumination>
        <ambient r="0.2" g="0.2" b="0.2" a="1.0" />           <!-- global ambient -->
        <background r="0.1" g="0.7" b="1.0" a="1.0" />        <!-- background color -->
    </illumination>


    <lights>
        <light id="backLight">
            <enable value="1" />
            <position x="0" y="20" z="-10" w="1.0" /><!-- light position; w=1: point light; w=0: directional light -->
            <ambient r="0" g="0" b="0" a="1.0" />
            <diffuse r="1.0" g="1.0" b="1.0" a="1.0" />
            <specular r="1.0" g="1.0" b="1.0" a="1.0" />
        </light>
        <light id="frontLight">
            <enable value="1" />
            <position x="0" y="20" z="30" w="1.0" />
            <ambient r="0" g="0" b="0" a="1.0" />
            <diffuse r="1.0" g="1.0" b="1.0" a="1.0" />
            <specular r="1.0" g="1.0" b="1.0" a="1.0" />
        </light>
        <light id="bottomLight">
            <enable value="1" />
            <position x="0" y="-20" z="30" w="1.0" />
            <ambient r="0" g="0" b="0" a="1.0" />
            <diffuse r="1.0" g="1.0" b="1.0" a="1.0" />
            <specular r="1.0" g="1.0" b="1.0" a="1.0" />
        </light>
        <light id="redSpecularLight">
            <enable value="0" />
            <position x="0.0" y="30" z="0.0" w="1.0" />
            <ambient r="0" g="0" b="0" a="1.0" />
            <diffuse r="0.0" g="0.0" b="0.0" a="1.0" />
            <specular r="1.0" g="0.0" b="0.0" a="1.0" />
        </light>
        <light id="redSpecularLightBottom">
            <enable value="0" />
            <position x="0.0" y="-30" z="0.0" w="1.0" />
            <ambient r="0" g="0" b="0" a="1.0" />
            <diffuse r="0.0" g="0.0" b="0.0" a="1.0" />
            <specular r="1.0" g="0.0" b="0.0" a="1.0" />
        </light>
    </lights>


    <textures>
        <!-- NOTE: this block "TEXTURE" must be repeated as necessary with different "id" -->
        <texture id="skybox_back" path="./scenes/images/skybox/back.png" />
        <texture id="skybox_front" path="./scenes/images/skybox/front.png" />
        <texture id="skybox_left" path="./scenes/images/skybox/left.png" />
        <texture id="skybox_right" path="./scenes/images/skybox/right.png" />
        <texture id="skybox_top" path="./scenes/images/skybox/top.png" />
        <texture id="skybox_bottom" path="./scenes/images/skybox/bottom.png" />

        <texture id="xwingChassisTex" path="./scenes/images/x-wing_chassis.png" />
        <texture id="xwingNoseTex" path="./scenes/images/x-wing_nose.png" />
        <texture id="centerWindowTex" path="./scenes/images/centerWindow.png" />

        <texture id="turbineTex" path="./scenes/images/turbine.png" />
        <texture id="turbineTubeTex" path="./scenes/images/turbineTube.png" />
        <texture id="heliceTex" path="./scenes/images/helice.png" />
        <texture id="gunTex" path="./scenes/images/gunTex.png" />

        <texture id="headTex" path="./scenes/images/head.png" />

        <texture id="deathStarTex" path="./scenes/images/death_star.jpg" />
    </textures>


    <materials>
        <!-- NOTE: the "MATERIAL" block may be repeated as required. Each defined material
         requires a distinct "id". At least one material should be present. -->
        <material id="metalMaterial">
            <shininess value="10.0" />
            <ambient r="1.0" g="1.0" b="1.0" a="1.0" />
            <diffuse r="1.0" g="1.0" b="1.0" a="1.0" />
            <specular r="1.0" g="1.0" b="1.0" a="1.0" />
            <emissive r="0.0" g="0.0" b="0.0" a="0.0" />
        </material>
        <material id="skyboxMaterial">
            <shininess value="0.2" />
            <ambient r="0.0" g="0.0" b="0.0" a="1.0" />
            <diffuse r="0.0" g="0.0" b="0.0" a="1.0" />
            <specular r="0.0" g="0.0" b="0.0" a="1.0" />
            <emissive r="0.7" g="0.8" b="0.69" a="1.0" />
        </material>
        <material id="windowMaterial">
            <shininess value="100" />
            <ambient r="0.0" g="0.0" b="0.0" a="0.1" />
            <diffuse r="0.3" g="0.3" b="0.3" a="0.1" />
            <specular r="0.8" g="0.8" b="0.8" a="0.1" />
            <emissive r="0.0" g="0.0" b="0.0" a="0.1" />
        </material>
        <material id="greenRingMat">
            <shininess value="100" />
            <ambient r="0.0" g="0.0" b="0.0" a="1.0" />
            <diffuse r="0.0" g="0.0" b="0.0" a="1.0" />
            <specular r="0.0" g="0.0" b="0.0" a="1.0" />
            <emissive r="0.71" g="0.85" b="0.56" a="1.0" />
        </material>
        <material id="turbineRingMat">
            <shininess value="100" />
            <ambient r="0.23" g="0.23" b="0.23" a="1.0" />
            <diffuse r="0.23" g="0.23" b="0.23" a="1.0" />
            <specular r="0.0" g="0.0" b="0.0" a="1.0" />
            <emissive r="0.0" g="0.0" b="0.0" a="1.0" />
        </material>
        <material id="deathStarMat">
            <shininess value="100" />
            <ambient r="0.2" g="0.2" b="0.2" a="1.0" />
            <diffuse r="0.2" g="0.2" b="0.2" a="1.0" />
            <specular r="0.2" g="0.2" b="0.2" a="1.0" />
            <emissive r="0.0" g="0.0" b="0.0" a="1.0" />
        </material>
    </materials>

    <nodes>
        <node id="root">
            <!-- next two lines are mandatory -->
            <material id="metalMaterial" /><!-- this superimposes the material received from parent node id="null" maintains material from parent node -->

            <texture id="clear"><!-- declared texture superimposes the texture received from parent node id="null" maintains texture from parent node id="clear" clears texture declaration received from parent node -->
                <amplification afs="1.0" aft="1.0" />
            </texture>

            <!-- geom. transf. are optional and may be repeated, in any order, as necessary: -->
            <transformations>
            </transformations>

            <descendants>
                <noderef id="skybox" />
                <noderef id="deathStar" />
                <noderef id="x-wing" />
            </descendants>
        </node>
        <node id="deathStar">
            <material id="deathStarMat" />
            <texture id="deathStarTex">
                <amplification afs="1.0" aft="1.0" />
            </texture>

            <transformations>
                <translation x="-50" y="60" z="-60" />
                <rotation axis="x" angle="-90" />
            </transformations>

            <descendants>
                <leaf type="sphere" radius="20" slices="20" stacks="20"/>
            </descendants>
        </node>
        <node id="x-wing">
            <material id="null" />
            <texture id="clear">
                <amplification afs="1.0" aft="1.0" />
            </texture>

            <transformations>
            </transformations>

            <descendants>
                <noderef id="chassis" />
                <noderef id="cockpit" />

                <noderef id="turbineTopLeft" />
                <noderef id="turbineTopRight" />
                <noderef id="turbineBotLeft" />
                <noderef id="turbineBotRight" />

                <noderef id="wingTopLeft" />
                <noderef id="wingTopRight" />
                <noderef id="wingBotLeft" />
                <noderef id="wingBotRight" />
            </descendants>
        </node>

        <!-- CHASSIS -->
        <node id="chassis">
            <material id="null" />
            <texture id="xwingChassisTex">
                <amplification afs="1.0" aft="1.0" />
            </texture>

            <transformations>
                <scale sx="1" sy="0.9" sz="1" />
                <rotation axis="z" angle="30" />
            </transformations>

            <descendants>
                <leaf type="cylinder" height="10.0" topRadius="5.0" bottomRadius="5.0" stacks="4" slices="6"/>
                <noderef id="nose" />
            </descendants>
        </node>
        <node id="nose">
            <material id="null" />
            <texture id="xwingNoseTex">
                <amplification afs="1.0" aft="1.0" />
            </texture>

            <transformations>
                <translation x="0.0" y="0.0" z="10.0" />
            </transformations>

            <descendants>
                <noderef id="noseEnd" />
                <leaf type="cylinder" height="24.0" topRadius="1.5" bottomRadius="5.0" stacks="4" slices="6"/>
            </descendants>
        </node>
        <node id="noseEnd">
            <material id="null" />
            <texture id="xwingChassisTex">
                <amplification afs="1.0" aft="1.0" />
            </texture>

            <transformations>
                <translation x="0.0" y="0.0" z="24.0" />
                <rotation axis="z" angle="-30" />
                <scale sx="1.0" sy="0.8" sz="1.0" />
            </transformations>

            <descendants>
                <leaf type="cylinder" height="2.0" topRadius="1.0" bottomRadius="2.5" stacks="4" slices="6"/>
            </descendants>
        </node>


        <!-- COCKPIT -->
        <node id="cockpit">
            <material id="null" />
            <texture id="clear">
                <amplification afs="1.0" aft="1.0" />
            </texture>

            <transformations>
                <translation x="0.0" y="3.8" z="14.0" />
            </transformations>

            <descendants>
                <noderef id="cockpitWindowCenter" />
                <noderef id="cockpitWindowLeft" />
                <noderef id="cockpitWindowRight" />
                <noderef id="pilot" />
            </descendants>
        </node>
        <node id="pilot">
            <material id="null" />
            <texture id="headTex">
                <amplification afs="1.0" aft="1.0" />
            </texture>

            <transformations>
                <translation x="0.0" y="0.8" z="-2.0" />
                <rotation axis="x" angle="-90" />
            </transformations>

            <descendants>
                <leaf type="sphere" radius="0.8" slices="10" stacks="10"/>
            </descendants>
        </node>
        <node id="cockpitWindowCenter">
            <material id="windowMaterial" />
            <texture id="centerWindowTex">
                <amplification afs="1.0" aft="1.0" />
            </texture>

            <transformations>
                <rotation axis="x" angle="-45" />
                <scale sx="5" sy="5" sz="1" />
            </transformations>

            <descendants>
                <noderef id="doubleSidedRectangle" />
            </descendants>
        </node>
        <node id="cockpitWindowLeft">
            <material id="null" />
            <texture id="clear">
                <amplification afs="1.0" aft="1.0" />
            </texture>

            <transformations>
                <translation x="2.5" y="0.0" z="0.0" />
            </transformations>

            <descendants>
                <noderef id="cockpitSideWindow" />
            </descendants>
        </node>
        <node id="cockpitWindowRight">
            <material id="null" />
            <texture id="clear">
                <amplification afs="1.0" aft="1.0" />
            </texture>

            <transformations>
                <translation x="-2.5" y="0.0" z="0.0" />
            </transformations>

            <descendants>
                <noderef id="cockpitSideWindow" />
            </descendants>
        </node>
        <node id="cockpitSideWindow">
            <material id="windowMaterial" />
            <texture id="centerWindowTex">
                <amplification afs="1.0" aft="1.0" />
            </texture>

            <transformations>
                <translation x="0.0" y="1.8" z="-1.8" />
                <rotation axis="y" angle="90" />
                <rotation axis="z" angle="-135" />
                <scale sx="5" sy="5" sz="1" />
            </transformations>

            <descendants>
                <noderef id="doubleSidedTriangle" />
            </descendants>
        </node>


        <!-- TURBINES -->
        <node id="turbineTopLeft">
            <material id="null" />
            <texture id="clear">
                <amplification afs="1.0" aft="1.0" />
            </texture>

            <transformations>
                <translation x="4.5" y="4.2" z="0.0" />
            </transformations>

            <descendants>
                <noderef id="turbine" />
            </descendants>
        </node>
        <node id="turbineTopRight">
            <material id="null" />
            <texture id="clear">
                <amplification afs="1.0" aft="1.0" />
            </texture>

            <transformations>
                <translation x="-4.5" y="4.2" z="0.0" />
            </transformations>

            <descendants>
                <noderef id="turbine" />
            </descendants>
        </node>
        <node id="turbineBotLeft">
            <material id="null" />
            <texture id="clear">
                <amplification afs="1.0" aft="1.0" />
            </texture>

            <transformations>
                <translation x="4.5" y="-4.2" z="0.0" />
                <rotation axis="z" angle="180" />
            </transformations>

            <descendants>
                <noderef id="turbine" />
            </descendants>
        </node>
        <node id="turbineBotRight">
            <material id="null" />
            <texture id="clear">
                <amplification afs="1.0" aft="1.0" />
            </texture>

            <transformations>
                <translation x="-4.5" y="-4.2" z="0.0" />
                <rotation axis="z" angle="180" />
            </transformations>

            <descendants>
                <noderef id="turbine" />
            </descendants>
        </node>
        <node id="turbine">
            <material id="null" />
            <texture id="turbineTex">
                <amplification afs="1.0" aft="1.0" />
            </texture>

            <transformations>
              <translation x="0.0" y="0.0" z="3.0" />
            </transformations>

            <descendants>
                <noderef id="turbineHelice" />
                <noderef id="turbineComponent" />
                <leaf type="cylinder" height="7.0" topRadius="2.0" bottomRadius="2.0" stacks="2" slices="15"/>
            </descendants>
        </node>
        <node id="turbineHelice">
            <material id="null" />
            <texture id="heliceTex">
                <amplification afs="1.0" aft="1.0" />
            </texture>

            <transformations>
              <translation x="0" y="0" z="7.0" />
              <scale sx="1" sy="1" sz="0.05" />
            </transformations>

            <descendants>
                <leaf type="sphere" radius="2.0" slices="20" stacks="20"/>
            </descendants>
        </node>
        <node id="turbineComponent">
            <material id="turbineRingMat" />
            <texture id="turbineTubeTex">
                <amplification afs="1.0" aft="1.0" />
            </texture>

            <transformations>
                <translation x="0" y="0.8" z="-5.0" />
            </transformations>

            <descendants>
                <leaf type="cylinder" height="5.0" topRadius="1.0" bottomRadius="1.0" stacks="2" slices="15"/>
                <noderef id="turbineComponentRing" />
            </descendants>
        </node>
        <node id="turbineComponentRing">
            <material id="turbineRingMat" />
            <texture id="clear">
                <amplification afs="1.0" aft="1.0" />
            </texture>

            <transformations>
            </transformations>

            <descendants>
                <leaf type="torus" inner="0.2" outer="1.0" slices="20" loops="20" />
            </descendants>
        </node>


        <!-- WINGS -->
        <node id="wingTopLeft">
            <material id="null" />
            <texture id="clear">
                <amplification afs="1.0" aft="1.0" />
            </texture>

            <transformations>
                <translation x="12.2" y="4.3" z="0.0" />
            </transformations>

            <descendants>
                <noderef id="wingBaseTopLeft" />
            </descendants>
        </node>
        <node id="wingTopRight">
            <material id="null" />
            <texture id="clear">
                <amplification afs="1.0" aft="1.0" />
            </texture>

            <transformations>
                <translation x="-12.2" y="4.3" z="0.0" />
            </transformations>

            <descendants>
                <noderef id="wingBaseTopRight" />
            </descendants>
        </node>
        <node id="wingBotLeft">
            <material id="null" />
            <texture id="clear">
                <amplification afs="1.0" aft="1.0" />
            </texture>

            <transformations>
                <translation x="12.2" y="-4.3" z="0.0" />
            </transformations>

            <descendants>
                <noderef id="wingBaseBotLeft" />
            </descendants>
        </node>
        <node id="wingBotRight">
            <material id="null" />
            <texture id="clear">
                <amplification afs="1.0" aft="1.0" />
            </texture>

            <transformations>
                <translation x="-12.2" y="-4.3" z="0.0" />
            </transformations>

            <descendants>
                <noderef id="wingBaseBotRight" />
            </descendants>
        </node>

        <!-- WINGBASE -->
        <node id="wingBaseTopLeft">
            <material id="null" />
            <texture id="clear">
                <amplification afs="1.0" aft="1.0" />
            </texture>

            <transformations>
                <rotation axis="z" angle="20" />
            </transformations>

            <descendants>
                <noderef id="wing" />
                <noderef id="gunTopLeft" />
            </descendants>
        </node>
        <node id="wingBaseTopRight">
            <material id="null" />
            <texture id="clear">
                <amplification afs="1.0" aft="1.0" />
            </texture>

            <transformations>
                <rotation axis="z" angle="-20" />
            </transformations>

            <descendants>
                <noderef id="wing" />
                <noderef id="gunTopRight" />
            </descendants>
        </node>
        <node id="wingBaseBotLeft">
            <material id="null" />
            <texture id="clear">
                <amplification afs="1.0" aft="1.0" />
            </texture>

            <transformations>
                <rotation axis="z" angle="-20" />
            </transformations>

            <descendants>
                <noderef id="wing" />
                <noderef id="gunBotLeft" />
            </descendants>
        </node>
        <node id="wingBaseBotRight">
            <material id="null" />
            <texture id="clear">
                <amplification afs="1.0" aft="1.0" />
            </texture>

            <transformations>
                <rotation axis="z" angle="20" />
            </transformations>

            <descendants>
                <noderef id="wing" />
                <noderef id="gunBotRight" />
            </descendants>
        </node>
        <node id="wing">
            <material id="null" />
            <texture id="xwingChassisTex">
                <amplification afs="1.0" aft="1.0" />
            </texture>

            <transformations>
                <scale sx="12" sy="0.3" sz="1" />
                <rotation axis="z" angle="45" />
            </transformations>

            <descendants>
                <leaf type="cylinder" height="10.0" topRadius="1.0" bottomRadius="1.0" stacks="4" slices="4"/>
            </descendants>
        </node>

        <!-- GUN -->
        <node id="gunTopLeft">
            <material id="null" />
            <texture id="clear">
                <amplification afs="1.0" aft="1.0" />
            </texture>

            <transformations>
                <translation x="7.0" y="0.4" z="8.0" />
            </transformations>

            <descendants>
                <noderef id="gun" />
            </descendants>
        </node>
        <node id="gunTopRight">
            <material id="null" />
            <texture id="clear">
                <amplification afs="1.0" aft="1.0" />
            </texture>

            <transformations>
                <translation x="-7.0" y="0.4" z="8.0" />
            </transformations>

            <descendants>
                <noderef id="gun" />
            </descendants>
        </node>
        <node id="gunBotLeft">
            <material id="null" />
            <texture id="clear">
                <amplification afs="1.0" aft="1.0" />
            </texture>

            <transformations>
                <translation x="7.0" y="-0.4" z="8.0" />
            </transformations>

            <descendants>
                <noderef id="gun" />
            </descendants>
        </node>
        <node id="gunBotRight">
            <material id="null" />
            <texture id="clear">
                <amplification afs="1.0" aft="1.0" />
            </texture>

            <transformations>
                <translation x="-7.0" y="-0.4" z="8.0" />
            </transformations>

            <descendants>
                <noderef id="gun" />
            </descendants>
        </node>
        <node id="gun">
            <material id="null" />
            <texture id="gunTex">
                <amplification afs="1.0" aft="1.0" />
            </texture>

            <transformations>
            </transformations>

            <descendants>
                <noderef id="gunFront" />
                <leaf type="cylinder" height="4" topRadius="0.5" bottomRadius="0.5" stacks="2" slices="10"/>
            </descendants>
        </node>
        <node id="gunFront">
            <material id="null" />
            <texture id="gunTex">
                <amplification afs="1.0" aft="1.0" />
            </texture>

            <transformations>
                <translation x="0.0" y="0.0" z="4.0" />
            </transformations>

            <descendants>
                <noderef id="gunFrontRings" />
                <leaf type="cylinder" height="5" topRadius="0.2" bottomRadius="0.2" stacks="2" slices="10"/>
            </descendants>
        </node>
        <node id="gunFrontRings">
            <material id="greenRingMat" />
            <texture id="clear">
                <amplification afs="1.0" aft="1.0" />
            </texture>

            <transformations>
            </transformations>

            <descendants>
                <noderef id="gunFrontRingSmall" />
                <leaf type="torus" inner="0.2" outer="1.0" slices="20" loops="20" />
            </descendants>
        </node>
        <node id="gunFrontRingSmall">
            <material id="null" />
            <texture id="null">
                <amplification afs="1.0" aft="1.0" />
            </texture>

            <transformations>
                <translation x="0.0" y="0.0" z="2.0" />
            </transformations>

            <descendants>
                <leaf type="torus" inner="0.2" outer="0.5" slices="20" loops="20" />
            </descendants>
        </node>


        <!-- SKYBOX -->
        <node id="skybox">
            <material id="skyboxMaterial" />
            <texture id="clear">
                <amplification afs="1.0" aft="1.0" />
            </texture>

            <transformations>
            </transformations>

            <descendants>
                <noderef id="skyboxBack" />
                <noderef id="skyboxFront" />
                <noderef id="skyboxTop" /> 
                <noderef id="skyboxBottom" />
                <noderef id="skyboxLeft" /> 
                <noderef id="skyboxRight" />
            </descendants>
        </node>
        <node id="skyboxBack">
            <material id="null" />
            <texture id="skybox_back">
                <amplification afs="200.0" aft="200.0" />
            </texture>

            <transformations>
                <translation x="0.0" y="0.0" z="-100.0" />
            </transformations>

            <descendants>
                <leaf type="rectangle" x1="-100" y1="-100" x2="100" y2="100" />
            </descendants>
        </node>
        <node id="skyboxFront">
            <material id="null" />
            <texture id="skybox_front">
                <amplification afs="200.0" aft="200.0" />
            </texture>

            <transformations>
                <translation x="0.0" y="0.0" z="100.0" />
                <rotation axis="y" angle="180" />
                <rotation axis="z" angle="180" />
            </transformations>

            <descendants>
                <leaf type="rectangle" x1="-100" y1="-100" x2="100" y2="100" />
            </descendants>
        </node>
        <node id="skyboxTop">
            <material id="null" />
            <texture id="skybox_top">
                <amplification afs="200.0" aft="200.0" />
            </texture>

            <transformations>
                <translation x="0.0" y="0.0" z="200.0" />
                <rotation axis="x" angle="90" />
                <translation x="0.0" y="-200.0" z="-100.0" />
            </transformations>

            <descendants>
                <leaf type="rectangle" x1="-100" y1="-100" x2="100" y2="100" />
            </descendants>
        </node>
        <node id="skyboxBottom">
            <material id="null" />
            <texture id="skybox_bottom">
                <amplification afs="200.0" aft="200.0" />
            </texture>

            <transformations>
                <translation x="0.0" y="-100.0" z="0.0" />
                <rotation axis="x" angle="-90" />
            </transformations>

            <descendants>
                <leaf type="rectangle" x1="-100" y1="-100" x2="100" y2="100" />
            </descendants>
        </node>
        <node id="skyboxLeft">
            <material id="null" />
            <texture id="skybox_left">
                <amplification afs="200.0" aft="200.0" />
            </texture>

            <transformations>
                <translation x="100.0" y="0.0" z="0.0" />
                <rotation axis="y" angle="-90" />
                <rotation axis="z" angle="90" />
            </transformations>

            <descendants>
                <leaf type="rectangle" x1="-100" y1="-100" x2="100" y2="100" />
            </descendants>
        </node>
        <node id="skyboxRight">
            <material id="null" />
            <texture id="skybox_right">
                <amplification afs="200.0" aft="200.0" />
            </texture>

            <transformations>
                <translation x="-100.0" y="0.0" z="0.0" />
                <rotation axis="y" angle="-90" />
                <rotation axis="z" angle="-90" />
            </transformations>

            <descendants>
                <leaf type="rectangle" x1="-100" y1="100" x2="100" y2="-100" />
            </descendants>
        </node>


        <!-- EXTRA PRIMITIVES -->
        <node id="doubleSidedRectangle">
            <material id="null" />
            <texture id="null">
                <amplification afs="1.0" aft="1.0" />
            </texture>

            <transformations>
            </transformations>

            <descendants>
                <leaf type="rectangle" x1="-0.5" y1="-0.5" x2="0.5" y2="0.5" />
                <leaf type="rectangle" x1="-0.5" y1="0.5" x2="0.5" y2="-0.5" />
            </descendants>
        </node>
        <node id="doubleSidedTriangle">
            <material id="null" />
            <texture id="null">
                <amplification afs="1.0" aft="1.0" />
            </texture>

            <transformations>
            </transformations>

            <descendants>
                <leaf type="triangle" x1="0" y1="0" x2="1" y2="0" x3="0" y3="1" />
                <leaf type="triangle" x1="0" y1="0" x2="0" y2="1" x3="1" y3="0" />
            </descendants>
        </node>
    </nodes>
</lsf>
